idx	input	gold	vanilla_pred	attn_pred
9	angarak	अंगारक	अंगरक	अंगारक
34	agsta	अगस्ता	अगस्त	अगस्ता
55	agyat	अज्ञात	अज्ञत	अज्ञात
61	atwal	अटवाल	अतवाल	अटवाल
65	addon	अड्डों	एडों	अड्डों
68	atharva	अथर्व	अथरवा	अथर्व
82	adhyayanrat	अध्ययनरत	अध्ययनर्त	अध्ययनरत
83	adhyaynrat	अध्ययनरत	अध्ययनर्त	अध्ययनरत
92	anaavashyak	अनावश्यक	अनावाश्यक	अनावश्यक
104	anuprayogon	अनुप्रयोगों	अनुप्यारायोग	अनुप्रयोगों
105	anupryogon	अनुप्रयोगों	अनुप्यरोगिं	अनुप्रयोगों
111	anyay	अन्याय	अन्यय	अन्याय
115	aparivartansheel	अपरिवर्तनशील	अपरिवर्सनीलत	अपरिवर्तनशील
116	aparivartanshil	अपरिवर्तनशील	अपरिवर्नशीली	अपरिवर्तनशील
123	apaardarshi	अपारदर्शी	अपरदार्शी	अपारदर्शी
126	afroz	अफरोज	अफ्रोज	अफरोज
128	abbaasi	अब्बासी	बाबासी	अब्बासी
152	amuk	अमुक	अमूक	अमुक
160	ardaas	अरदास	अर्दास	अरदास
166	urgent	अर्जेंट	उर्जेंट	अर्जेंट
174	aryma	अर्यमा	आर्यमा	अर्यमा
192	ali	अली	एली	अली
197	alba	अल्बा	अलबा	अल्बा
221	avishvasniy	अविश्वसनीय	अविश्वासनीय	अविश्वसनीय
229	ashktta	अशक्तता	अष्कताता	अशक्तता
232	ashariri	अशरीरी	आशारीरी	अशरीरी
236	asamaany	असमान्य	असामान्य	असमान्य
238	asmanye	असमान्य	असमानेय	असमान्य
239	asaamnjsy	असामंजस्य	असंजम्स्य	असामंजस्य
249	ahirauli	अहिरौली	अहिरुली	अहिरौली
251	items	आइटम्स	इत्मेस	आइटम्स
253	idol	आइडल	आईडल	आइडल
288	aadhin	आधीन	आधिन	आधीन
375	engineer	इंजिनियर	इंजीनियर	इंजिनियर
381	iaan	इआन	आईएन	इआन
401	ibija	इबीजा	इबिजा	इबीजा
403	imaging	इमेजिंग	इमैजिंग	इमेजिंग
422	ea	ईए	इए	ईए
424	eater	ईटर	इटर	ईटर
433	isaaiyon	ईसाइयों	ईसाईयों	ईसाइयों
434	isaiyon	ईसाइयों	ईसाईयों	ईसाइयों
435	isayiyon	ईसाइयों	ईसाईयों	ईसाइयों
438	ukhrul	उखरुल	उखरूल	उखरुल
449	uthen	उठें	उठाएं	उठें
460	utane	उतने	उताने	उतने
478	updraviyon	उपद्रवियों	उप्दारवियों	उपद्रवियों
479	upadravi	उपद्रवी	उपाद्वरी	उपद्रवी
480	updravi	उपद्रवी	उप्दारवी	उपद्रवी
482	updravon	उपद्रवों	उप्दारवों	उपद्रवों
484	upabhokta	उपभोक्ता	उपभाख्ता	उपभोक्ता
494	ubuntu	उबंटू	उबंटु	उबंटू
500	umesh	उमेश	उम्षे	उमेश
507	urvarata	उर्वरता	उर्वराता	उर्वरता
532	entone	एंटोन	इंटोन	एंटोन
534	antony	एंटोनी	अंटोनी	एंटोनी
551	addi	एड्डी	आद्दी	एड्डी
553	eddie	एड्डी	एडीड	एड्डी
567	emerald	एमरल्ड	एमराडल	एमरल्ड
568	emrald	एमरल्ड	एमर्डल	एमरल्ड
592	spf	एसपीएफ	सीपीएफ	एसपीएफ
615	ail	ऐल	एल	ऐल
619	aise	ऐसे	आईएस	ऐसे
620	oxide	ऑक्साइड	ओक्सीड	ऑक्साइड
626	okalahoma	ओकलाहोमा	ओकोलाहमो	ओकलाहोमा
642	auchitya	औचित्य	औचित्या	औचित्य
647	aurora	औरोरा	औौरोरा	औरोरा
648	aulakh	औलख	औलाख	औलख
685	kaningham	कनिंघम	कानिंघम	कनिंघम
702	kapolkalpana	कपोलकल्पना	कपोलक्पाला	कपोलकल्पना
713	kamaljeet	कमलजीत	कमलाजीत	कमलजीत
719	kmere	कमेरे	केमरे	कमेरे
720	karanj	करंज	करांज	करंज
727	karna	करना	कर्ण	करना
729	karam	करम	कराम	करम
737	kalraj	कलराज	कालराज	कलराज
755	kanji	कांजी	कंजी	कांजी
781	karyakartaon	कार्यकर्ताओं	कार्यकार्तों	कार्यकर्ताओं
782	karykartaaon	कार्यकर्ताओं	कार्यकार्ताओं	कार्यकर्ताओं
783	karykartaon	कार्यकर्ताओं	कार्यकार्ताओं	कार्यकर्ताओं
829	kusumalataa	कुसुमलता	कुसुलामता	कुसुमलता
830	kusumalta	कुसुमलता	कुसुलामता	कुसुमलता
838	candidate	कैंडिडेट	कांडेडिट	कैंडिडेट
843	cadmium	कैडमियम	कैदमियम	कैडमियम
844	catholic	कैथोलिक	कैथलिक	कैथोलिक
846	kaetholikon	कैथोलिकों	कैथलिकों	कैथोलिकों
856	corolla	कोरोला	कोरलोला	कोरोला
876	cric	क्रिक	क्रीक	क्रिक
885	creg	क्रेग	क्रेज	क्रेग
887	chrom	क्रोम	चरोम	क्रोम
897	clerys	क्लेरिस	क्लरीज	क्लेरिस
900	kshitij	क्षितिज	क्षीतिज	क्षितिज
907	khanda	खंडा	खांडा	खंडा
912	khatakati	खटकती	खताकती	खटकती
913	khatakti	खटकती	खतकती	खटकती
915	khattapan	खट्टापन	खत्तपान	खट्टापन
936	khate	खाते	खते	खाते
947	khushiyan	खुशियां	खुश्यिन	खुशियां
949	khaini	खैनी	खानि	खैनी
950	khairati	खैराती	खैरते	खैराती
957	gandki	गंडकी	गंदकी	गंडकी
976	gahmagahmi	गहमागहमी	गहमगाहीम	गहमागहमी
986	gayen	गाएं	गायें	गाएं
987	gazi	गाज़ी	गाजी	गाज़ी
994	ginate	गिनते	गिनेत	गिनते
995	ginte	गिनते	गिनेट	गिनते
1022	grihnagar	गृहनगर	गृहनगार	गृहनगर
1043	granthiyaan	ग्रंथियां	ग्रांथियां	ग्रंथियां
1044	granthiyan	ग्रंथियां	ग्रांथियां	ग्रंथियां
1046	granthiyon	ग्रंथियों	ग्रांथियों	ग्रंथियों
1050	greg	ग्रेग	ग्रेज	ग्रेग
1053	grandson	ग्रैंडसन	ग्रांडसों	ग्रैंडसन
1062	ghisai	घिसाई	घीसाई	घिसाई
1063	ghisi	घिसी	घीसी	घिसी
1085	chandu	चंदू	चंदु	चंदू
1088	chandramaon	चंद्रमाओं	चंद्रामों	चंद्रमाओं
1093	chakshu	चक्षु	चाचसु	चक्षु
1102	channa	चन्ना	चानना	चन्ना
1103	chabate	चबाते	चाबते	चबाते
1108	charas	चरस	चारस	चरस
1113	chalenge	चलेंगे	चैलेंज	चलेंगे
1136	chikitsakon	चिकित्सकों	चिकित्साकों	चिकित्सकों
1147	chithrkar	चित्रकार	चित्रकर	चित्रकार
1161	chetti	चेट्टी	चेत्ती	चेट्टी
1188	chhagan	छगन	छागन	छगन
1205	chhapemar	छापेमार	छिपामर	छापेमार
1212	chhinky	छींके	छींकी	छींके
1222	chhura	छुरा	छुड़ा	छुरा
1240	jagayega	जगाएगा	जागेगा	जगाएगा
1241	jaghaega	जगाएगा	जगहाए	जगाएगा
1243	jgayegaa	जगाएगा	जगेगा	जगाएगा
1245	jajon	जजों	जाजों	जजों
1252	jadein	जड़ें	जादें	जड़ें
1295	jarakh	जरख	जारख	जरख
1296	zarakh	जरख	जरख़	जरख
1305	jalbhraav	जलभराव	जल्भाराव	जलभराव
1306	jalbhrav	जलभराव	जल्भारव	जलभराव
1312	jassee	जस्सी	जससी	जस्सी
1357	jinee	जिनी	जीनी	जिनी
1363	jimme	जिम्मे	जिमे	जिम्मे
1371	jeetod	जीतोड़	जीतोद	जीतोड़
1379	jipani	जीपनी	जिपानी	जीपनी
1391	jeevanshaili	जीवनशैली	जीवनशाली	जीवनशैली
1392	jivanshaili	जीवनशैली	जीवनशाली	जीवनशैली
1405	judae	जुड़ाई	जुड़े	जुड़ाई
1406	judai	जुड़ाई	जुड़ई	जुड़ाई
1442	jerome	जेरोम	जीरोम	जेरोम
1444	jain	जैन	जैं	जैन
1463	gyatavya	ज्ञातव्य	ज्ञातवय	ज्ञातव्य
1470	jvaaron	ज्वारों	जवारों	ज्वारों
1474	jh	झ	ज	झ
1478	jhalla	झल्ला	झलाला	झल्ला
1486	jhuthla	झुठला	झूठला	झुठला
1487	jhuthalane	झुठलाने	झूठलाने	झुठलाने
1499	taoo	टाऊ	ताऊ	टाऊ
1500	tau	टाऊ	ताऊ	टाऊ
1505	tired	टायर्ड	तिरेद	टायर्ड
1507	tarch	टार्च	तर्च	टार्च
1519	tikon	टीकों	टिकों	टीकों
1542	truck	ट्रक	ट्रैक	ट्रक
1617	destination	डेस्टिनेशन	डिस्टेनिशन	डेस्टिनेशन
1627	dolne	डोलने	डॉलन	डोलने
1650	tantr	तंत्र	टंट्र	तंत्र
1651	tantra	तंत्र	टांट्रा	तंत्र
1655	tantron	तंत्रों	टंत्रों	तंत्रों
1656	tagade	तगड़े	टगड़े	तगड़े
1657	tagde	तगड़े	टग्डे	तगड़े
1662	tarafa	तरफा	तराफा	तरफा
1678	talabgaar	तलबगार	तलबागाग	तलबगार
1691	tambe	तांबे	तंबे	तांबे
1714	tir	तीर	तिर	तीर
1716	tiron	तीरों	तिरों	तीरों
1733	toh	तो	तोह	तो
1738	tyauharon	त्यौहारों	त्याहोरों	त्यौहारों
1764	thiyeters	थियेटर्स	थियिटर्स	थियेटर्स
1768	then	थेन	ठें	थेन
1769	theni	थेनी	ठेनी	थेनी
1770	thailee	थैली	थाइली	थैली
1771	thaili	थैली	थाली	थैली
1772	thaile	थैले	थाइले	थैले
1774	danga	दंगा	डंगा	दंगा
1781	dadreva	ददरेवा	ददरवे	ददरेवा
1794	dalbadl	दलबदल	डालब्लड	दलबदल
1798	dastavej	दस्तावेज	दस्तावेज़	दस्तावेज
1803	dakhil	दाखिल	दाख़िल	दाखिल
1833	dikhayi	दिखाई	दिखायी	दिखाई
1846	dita	दिता	दीता	दिता
1848	dinaank	दिनांक	दीनांक	दिनांक
1866	deeya	दीया	दीय	दीया
1878	durghtna	दुर्घटना	दुर्घटाना	दुर्घटना
1881	durbhiksh	दुर्भिक्ष	दुरभीक्ष	दुर्भिक्ष
1886	dune	दूने	डूने	दूने
1898	devnar	देवनार	देवनर	देवनार
1909	dvadash	द्वादश	द्वादस	द्वादश
1911	dvivedi	द्विवेदी	द्वीवेदी	द्विवेदी
1912	dwivedi	द्विवेदी	द्वावीदाई	द्विवेदी
1922	dhankuber	धनकुबेर	धंकुबेकर	धनकुबेर
1930	dhamma	धम्मा	धमामा	धम्मा
1931	dhammaa	धम्मा	धमामा	धम्मा
1950	dhunaai	धुनाई	धुंआई	धुनाई
1953	dhuriyaa	धुरिया	धूरिया	धुरिया
1968	dhoraji	धोराजी	धोरजी	धोराजी
1970	dhyeyavaadi	ध्येयवादी	ध्यायवादी	ध्येयवादी
1977	naksal	नक्सल	नकसाल	नक्सल
1978	naxal	नक्सल	नैक्सल	नक्सल
1985	naxaliyon	नक्सलियों	नैकलासियों	नक्सलियों
1986	naksali	नक्सली	नकसली	नक्सली
1987	naxali	नक्सली	नैकालसी	नक्सली
2004	najib	नजीब	नाजिब	नजीब
2005	najibabaad	नजीबाबाद	नज़ीबाबाद	नजीबाबाद
2006	najibabad	नजीबाबाद	नज़ीबाबाद	नजीबाबाद
2014	nanhein	नन्हें	ननहें	नन्हें
2019	namkin	नमकीन	नामकीन	नमकीन
2025	narmi	नरमी	नार्मी	नरमी
2031	navjagran	नवजागरण	नवजगर्ण	नवजागरण
2058	nanavati	नानावती	ननावती	नानावती
2075	naasar	नासर	नासार	नासर
2087	niketan	निकेतन	निकटेन	निकेतन
2088	nikhar	निखर	निखार	निखर
2104	niyanta	नियंता	नियांता	नियंता
2105	niyantaa	नियंता	नियांता	नियंता
2108	nirdeshika	निर्देशिका	निर्देशिक	निर्देशिका
2112	nirbaadh	निर्बाध	निराबाध	निर्बाध
2114	niveshakartaa	निवेशकर्ता	निवेशकरता	निवेशकर्ता
2115	niveshkarta	निवेशकर्ता	निवेशकरता	निवेशकर्ता
2122	nihlaani	निहलानी	निहालानी	निहलानी
2124	nihaalchand	निहालचंद	निहालांचद	निहालचंद
2125	nihalchand	निहालचंद	निहालांद	निहालचंद
2128	neat	नीट	नीत	नीट
2132	neelagaay	नीलगाय	नीलागाय	नीलगाय
2155	nelsan	नेल्सन	नेलसन	नेल्सन
2172	nori	नोरी	नॉरी	नोरी
2173	nauner	नौनेर	नौनर	नौनेर
2181	pantar	पंटर	पंतर	पंटर
2182	panter	पंटर	पैंटर	पंटर
2188	pakaude	पकौड़े	पकड़े	पकौड़े
2218	padhaataa	पढ़ाता	पढ़ता	पढ़ाता
2232	pummi	पम्मी	पूम्मी	पम्मी
2233	pummy	पम्मी	पंमी	पम्मी
2236	parva	परवा	पर्व	परवा
2279	pehnakar	पहनाकर	पहनकार	पहनाकर
2282	pehnati	पहनाती	पहनती	पहनाती
2294	pide	पाइड	पीड़	पाइड
2295	pied	पाइड	पीड़	पाइड
2303	paathyakram	पाठ्यक्रम	पाठयक्रम	पाठ्यक्रम
2306	paathyakramon	पाठ्यक्रमों	पाठयक्रमों	पाठ्यक्रमों
2307	pathyakramon	पाठ्यक्रमों	पाठयक्रमों	पाठ्यक्रमों
2308	pathykramon	पाठ्यक्रमों	पाठयक्रमों	पाठ्यक्रमों
2328	pinta	पिंटा	पिंता	पिंटा
2329	pintaa	पिंटा	पिंता	पिंटा
2344	pitaamaha	पितामह	पितामाह	पितामह
2346	pipra	पिपरा	पिप्र	पिपरा
2347	pipraa	पिपरा	पिप्रा	पिपरा
2352	piyari	पियरी	पियारी	पियरी
2362	psv	पीएसवी	पीएवसी	पीएसवी
2373	pisa	पीसा	पिसा	पीसा
2386	punargathan	पुनर्गठन	पुनर्गठान	पुनर्गठन
2393	pulam	पुलम	पुलाम	पुलम
2407	poojapath	पूजापाठ	पूजपाथ	पूजापाठ
2426	package	पैकेज	पकेज	पैकेज
2441	polimer	पॉलिमर	पोलिमर	पॉलिमर
2450	pyade	प्यादे	प्याड़	प्यादे
2451	prakriya	प्रक्रिया	प्रकृय	प्रक्रिया
2464	prapat	प्रपात	प्रापत	प्रपात
2465	prapaaton	प्रपातों	प्रपाटों	प्रपातों
2473	pravatti	प्रवत्ति	प्रवत्ती	प्रवत्ति
2484	prahlad	प्रहलाद	प्रहल्द	प्रहलाद
2495	pran	प्राण	प्रण	प्राण
2513	premlata	प्रेमलता	प्रेमलाता	प्रेमलता
2522	propellant	प्रोपेलेंट	प्रोलेंपल	प्रोपेलेंट
2533	fatane	फटने	फाटने	फटने
2538	fatehgadh	फतेहगढ़	फतेहागढ़	फतेहगढ़
2539	fatehgarh	फतेहगढ़	फतहगढ़	फतेहगढ़
2540	fabti	फब्ती	फाबती	फब्ती
2546	farhin	फरहीन	फरहीं	फरहीन
2565	phalitartha	फलितार्थ	फलितर्थ	फलितार्थ
2567	falibhut	फलीभूत	फलिभूत	फलीभूत
2568	phalibhoot	फलीभूत	फलिभूत	फलीभूत
2588	farmic	फार्मिक	फर्मिक	फार्मिक
2605	fulae	फुलाए	फूलाए	फुलाए
2613	fefada	फेफड़ा	फेफडा	फेफड़ा
2618	failkar	फैलकर	फैलाकर	फैलकर
2641	francisca	फ्रांसिस्का	फ्रेंसिक्स	फ्रांसिस्का
2644	francisco	फ्रांसिस्को	फ्रेंसिस्को	फ्रांसिस्को
2646	fransisko	फ्रांसिस्को	फ्रांसिसोक	फ्रांसिस्को
2648	friendship	फ्रेंडशिप	फ्रेंडिश्प	फ्रेंडशिप
2651	flynn	फ्लिन	फ्लाइन	फ्लिन
2656	bangbhang	बंगभंग	बांभगंग	बंगभंग
2660	bantne	बंटने	बांटने	बंटने
2661	bandhati	बंधती	बंधाती	बंधती
2662	bandhti	बंधती	बांधती	बंधती
2672	baksi	बक्सी	बकसी	बक्सी
2697	batlaae	बतलाए	बतलाई	बतलाए
2699	batlae	बतलाए	बतलाई	बतलाए
2714	barpaayaa	बरपाया	बर्पाया	बरपाया
2715	barpaya	बरपाया	बर्पया	बरपाया
2720	barhad	बरहद	बारहद	बरहद
2738	bahroopiya	बहरूपिया	बहरूपीय	बहरूपिया
2747	bahuchara	बहुचरा	बहुचारा	बहुचरा
2766	bagiyon	बागियों	बगियों	बागियों
2779	badhaon	बाधाओं	बढ़ाओं	बाधाओं
2793	barah	बारह	बाराह	बारह
2799	bala	बाला	बला	बाला
2807	baawaraa	बावरा	बावारा	बावरा
2808	bavra	बावरा	बवरा	बावरा
2809	bawara	बावरा	बवारा	बावरा
2810	baahulya	बाहुल्य	बहुल्य	बाहुल्य
2814	bikherati	बिखेरती	बिखरते	बिखेरती
2815	bikherti	बिखेरती	बिखरते	बिखेरती
2825	billa	बिल्ला	बिला	बिल्ला
2826	billaa	बिल्ला	बिलाला	बिल्ला
2842	birganj	बीरगंज	बिरगंज	बीरगंज
2860	bechakar	बेचकर	बेचाकर	बेचकर
2878	basil	बेसिल	बसील	बेसिल
2883	baithate	बैठते	बैठाते	बैठते
2893	ballistic	बैलिस्टिक	बल्लिस्टिक	बैलिस्टिक
2925	brigton	ब्रिगटन	ब्रिगटों	ब्रिगटन
2927	britain	ब्रिटेन	ब्रिटें	ब्रिटेन
2931	broke	ब्रोक	ब्रॉक	ब्रोक
2935	blossom	ब्लॉसम	ब्लॉस	ब्लॉसम
2944	bhabhoot	भभूत	भाभूत	भभूत
2974	bhishm	भीष्म	भिष्म	भीष्म
2993	bhulata	भूलता	भुलाता	भूलता
2995	bhulta	भूलता	भुलता	भूलता
3006	bhengapan	भेंगापन	भेंगपान	भेंगापन
3013	bholu	भोलू	भूलो	भोलू
3023	bhraantiyan	भ्रांतियां	भारांतियां	भ्रांतियां
3025	bhraantiyon	भ्रांतियों	भारांतियों	भ्रांतियों
3027	mangesh	मंगेश	मैंगेश	मंगेश
3034	manjil	मंजिल	मंजील	मंजिल
3036	manjila	मंजिला	मंजीला	मंजिला
3037	manzila	मंजिला	मंजीला	मंजिला
3038	manjilein	मंजिलें	मंजलीन	मंजिलें
3039	manjilen	मंजिलें	मंजीलें	मंजिलें
3040	manzilein	मंजिलें	मंजलीन	मंजिलें
3045	makhdumpur	मखदुमपुर	मधकुमदप	मखदुमपुर
3046	machaaye	मचाए	मचाये	मचाए
3047	machae	मचाए	मचाई	मचाए
3048	machaye	मचाए	मचाये	मचाए
3051	machano	मचानों	मचानो	मचानों
3057	matpatron	मतपत्रों	मातपत्रों	मतपत्रों
3065	manae	मनाए	मनाई	मनाए
3067	mnaey	मनाए	मनाई	मनाए
3086	maryaadaaon	मर्यादाओं	मर्यदाओं	मर्यादाओं
3087	maryadaon	मर्यादाओं	मर्यदाओं	मर्यादाओं
3093	masaledaar	मसालेदार	मसेलेदार	मसालेदार
3094	masaledar	मसालेदार	मसेलेदर	मसालेदार
3111	mahantam	महानतम	महंतम	महानतम
3113	mahanideshak	महानिदेशक	महानेदिक्ष	महानिदेशक
3115	mhanideshak	महानिदेशक	महानेदिक्ष	महानिदेशक
3116	mahapauron	महापौरों	महापुरों	महापौरों
3117	mhapauron	महापौरों	महापूरों	महापौरों
3128	mahavishnu	महाविष्णु	महाविषण	महाविष्णु
3130	mahasinh	महासिंह	महासिनह	महासिंह
3141	mangi	मांगी	मंगी	मांगी
3146	maajin	माजिन	माजीन	माजिन
3149	mathey	माथे	मैथी	माथे
3154	mamuli	मामूली	ममूली	मामूली
3166	malish	मालिश	मालिष	मालिश
3171	mass	मास	मैस	मास
3181	mithya	मिथ्या	मिथ्य	मिथ्या
3191	mukhopadhyaya	मुखोपाध्याय	मुखोपायध्य	मुखोपाध्याय
3194	munaf	मुनाफ	मूनफ	मुनाफ
3197	mufalisi	मुफलिसी	मुफालिसी	मुफलिसी
3207	mooth	मूठ	मूथ	मूठ
3212	moody	मूडी	मूद्य	मूडी
3225	megapixal	मेगापिक्सल	मैगेप्सिल	मेगापिक्सल
3282	maisore	मैसोर	मैसोरे	मैसोर
3286	modern	मॉडर्न	मॉडरन	मॉडर्न
3290	mauritious	मॉरिशस	मॉरिशयस	मॉरिशस
3293	mowgli	मोगली	मॉग्ली	मोगली
3294	motive	मोटिव	मोटीव	मोटिव
3295	mol	मोल	मॉल	मोल
3296	mold	मोल्ड	मॉल्ड	मोल्ड
3310	maulaviyon	मौलवियों	मौलावियों	मौलवियों
3312	maulviyon	मौलवियों	मॉलवियों	मौलवियों
3332	yatraein	यात्राएं	यातारें	यात्राएं
3334	yaariyan	यारियां	यारियन	यारियां
3341	yudhrat	युद्धरत	युद्धारत	युद्धरत
3345	yorker	यॉर्कर	योर्कर	यॉर्कर
3346	yojanaein	योजनाएं	योजनाई	योजनाएं
3360	raghuram	रघुराम	रघुरम	रघुराम
3364	runners	रनर्स	रनर्नस	रनर्स
3375	rasayanika	रसायनिक	रसायनिका	रसायनिक
3387	raakhe	राखे	रखे	राखे
3390	ragon	रागों	रगों	रागों
3392	raaj	राज	राज़	राज
3401	raajasva	राजस्व	राजस्वा	राजस्व
3402	rajasva	राजस्व	राजस्वा	राजस्व
3413	radhe	राधे	राढ़े	राधे
3417	rabha	राभा	रभा	राभा
3428	ravaley	रावले	रवाले	रावले
3430	rasayanik	रासायनिक	रसायनिक	रासायनिक
3445	risane	रिसने	रिसाने	रिसने
3446	risaney	रिसने	रिसाने	रिसने
3461	rugan	रुग्ण	रूग्ण	रुग्ण
3483	routes	रूट्स	राउट्स	रूट्स
3484	roopak	रूपक	रुपक	रूपक
3510	racketier	रैकेटियर	राकेटीर	रैकेटियर
3523	rotation	रोटेशन	रोटोइं	रोटेशन
3538	raubadaar	रौबदार	रौबादार	रौबदार
3542	langada	लंगड़ा	लंगदा	लंगड़ा
3543	langda	लंगड़ा	लंगदा	लंगड़ा
3548	lakeer	लकीर	लाकीर	लकीर
3550	lakiron	लकीरों	लाकीरों	लकीरों
3551	lakme	लक्मे	लकमे	लक्मे
3557	lux	लक्स	लुक्स	लक्स
3558	laksar	लक्सर	लकसर	लक्सर
3559	luxor	लक्सर	लुक्सर	लक्सर
3572	ladai	लड़ाई	लाड़ाई	लड़ाई
3578	labada	लबादा	लाबड़ा	लबादा
3579	lbada	लबादा	लबदा	लबादा
3591	lehna	लहना	लेहना	लहना
3592	lahraee	लहराई	लहराए	लहराई
3598	lahsun	लहसुन	लहसून	लहसुन
3606	laegi	लाएगी	लागी	लाएगी
3618	lingbhed	लिंगभेद	लिंग्भेद	लिंगभेद
3642	lootmar	लूटमार	लूटमर	लूटमार
3657	lemon	लेमन	लेमोन	लेमन
3663	lanset	लैंसेट	लांसेट	लैंसेट
3665	lairi	लैरी	लाइरी	लैरी
3666	lairy	लैरी	लेरी	लैरी
3667	larry	लैरी	लारी	लैरी
3671	laundry	लॉन्ड्री	लांड्री	लॉन्ड्री
3677	lochdar	लोचदार	लोचड़ार	लोचदार
3685	vanshavad	वंशवाद	वंशावद	वंशवाद
3700	varnit	वर्णित	वर्णीत	वर्णित
3701	vartamaan	वर्तमान	वार्तमान	वर्तमान
3702	vartaman	वर्तमान	वार्तमान	वर्तमान
3703	vartmaan	वर्तमान	वार्तमान	वर्तमान
3726	vise	वाइज	वाइस	वाइज
3737	vatanukulan	वातानुकूलन	वातानुकालून	वातानुकूलन
3748	wirerless	वायरलेस	वायरलेस्स	वायरलेस
3760	vikalpon	विकल्पों	विकलपों	विकल्पों
3781	vidhansabhaein	विधानसभाएं	विधानसभाई	विधानसभाएं
3782	vidhansabhaen	विधानसभाएं	विधानसभाने	विधानसभाएं
3795	vibhram	विभ्रम	विभर्म	विभ्रम
3796	vibhrm	विभ्रम	विभर्म	विभ्रम
3815	vishwasaniyata	विश्वसनीयता	विश्वनसीयता	विश्वसनीयता
3821	vlc	वीएलसी	वीएसली	वीएलसी
3840	veronika	वेरोनिका	वरोनिका	वेरोनिका
3841	weronika	वेरोनिका	वरोनिका	वेरोनिका
3844	welder	वेल्डर	वेलर्ड	वेल्डर
3864	vaitravati	वैत्रवती	वैत्रवाती	वैत्रवती
3865	vaitrawati	वैत्रवती	वैत्रवाती	वैत्रवती
3871	vaishakh	वैशाख	वैषाख	वैशाख
3872	vaishaakhi	वैशाखी	वैषाक्ध	वैशाखी
3880	vyabhichar	व्यभिचार	व्यभीचार	व्यभिचार
3896	shbana	शबाना	शबना	शबाना
3902	shmil	शमिल	श्मिल	शमिल
3924	shavkon	शावकों	शवकों	शावकों
3941	shubhankar	शुभंकर	शुभंकार	शुभंकर
3943	shumali	शुमाली	शुमली	शुमाली
3952	shaishav	शैशव	शैष्व	शैशव
3965	shrikar	श्रीकर	श्रीकार	श्रीकर
3966	shrikhand	श्रीखंड	श्रीखंद	श्रीखंड
3967	shrimati	श्रीमति	श्रीमती	श्रीमति
3968	shriram	श्रीराम	श्रीरम	श्रीराम
3982	sanchalnon	संचालनों	संचलनों	संचालनों
3988	sandarbha	संदर्भ	संदर्भा	संदर्भ
3990	sandarbhon	संदर्भों	संदरभों	संदर्भों
4010	sanyogvash	संयोगवश	संयोग्वाश	संयोगवश
4014	samvedikaran	संवेदीकरण	संवेदकीनर	संवेदीकरण
4015	sanvedikaran	संवेदीकरण	संवेदिकारण	संवेदीकरण
4019	sanskaar	संस्कार	संसकार	संस्कार
4021	sanskaari	संस्कारी	संसकारी	संस्कारी
4022	sanskari	संस्कारी	संसकारी	संस्कारी
4027	sanskritiyon	संस्कृतियों	संस्तृकियों	संस्कृतियों
4036	suction	सक्शन	सस्चिन	सक्शन
4038	sachhidanand	सच्चिदानंद	सचिधांदन	सच्चिदानंद
4042	satpal	सतपाल	सत्पल	सतपाल
4061	saptkraanti	सप्तक्रांति	सप्तकृंति	सप्तक्रांति
4069	submission	सबमिशन	सबमिंसिन	सबमिशन
4082	samnvyak	समन्वयक	सामन्वयक	समन्वयक
4107	sarahind	सरहिंद	सराहिंद	सरहिंद
4168	singaar	सिंगार	सिंगर	सिंगार
4182	cigaretton	सिगरेटों	सिगेटरों	सिगरेटों
4193	sim	सिम	सीम	सिम
4195	simatataa	सिमटता	सीमताता	सिमटता
4197	simtata	सिमटता	सीमताता	सिमटता
4198	simtataa	सिमटता	सीमताता	सिमटता
4201	simi	सिमी	सीमी	सिमी
4204	siyasi	सियासी	सीयसी	सियासी
4205	siyah	सियाह	सीयह	सियाह
4213	csi	सीएसआई	सीसीई	सीएसआई
4223	sealed	सील्ड	सीलेड	सील्ड
4226	sugamata	सुगमता	सुगामता	सुगमता
4240	sudhargrih	सुधारगृह	सुधारग्रीह	सुधारगृह
4246	suneeti	सुनीति	सुनीती	सुनीति
4251	supachy	सुपाच्य	सुपच्य	सुपाच्य
4252	supachya	सुपाच्य	सुपच्य	सुपाच्य
4253	supachye	सुपाच्य	सुपचाय	सुपाच्य
4267	susanskrit	सुसंस्कृत	सुसंस्रक्ति	सुसंस्कृत
4268	susanskrut	सुसंस्कृत	सुसनस्रुक्त	सुसंस्कृत
4269	suhagin	सुहागिन	सुहागीन	सुहागिन
4294	seti	सेटी	सेती	सेटी
4295	seto	सेटो	सीतो	सेटो
4322	solitaire	सोलिटेयर	सोलीटेर	सोलिटेयर
4340	skhalan	स्खलन	क्षलान	स्खलन
4388	slash	स्लैश	स्लेश	स्लैश
4396	swiftlate	स्विफ्टलेट	स्विफलते	स्विफ्टलेट
4400	sweet	स्वीट	स्वीत	स्वीट
4410	hundiya	हंडिया	हुंडिया	हंडिया
4412	haqeeqat	हकीकत	हकीता	हकीकत
4418	humlavar	हमलावर	हुलमावर	हमलावर
4426	haraval	हरावल	हरवाल	हरावल
4427	harawal	हरावल	हरवाल	हरावल
4433	halla	हल्ला	हलाला	हल्ला
4434	hawamahal	हवामहल	हवामहाल	हवामहल
4441	haanfte	हांफते	हांफेट	हांफते
4445	hymen	हाइमन	हामेन	हाइमन
4447	haani	हानी	हानि	हानी
4448	hani	हानी	हानि	हानी
4449	haarjeet	हारजीत	हरजीत	हारजीत
4454	haalchaal	हालचाल	हालचल	हालचाल
4479	hooper	हूपर	हाउपर	हूपर
4482	hegde	हेगडे	हेगड़े	हेगडे
4498	hoshangabaad	होशंगाबाद	होशनगाबाद	होशंगाबाद
4499	hoshangabad	होशंगाबाद	होशनगाबाद	होशंगाबाद
4501	hostess	होस्टेस	हॉस्टेस्ट	होस्टेस
